Workbook

Sheet Заказы
A1: № заказа | B1: Менеджер | C1: Заказчик | D1: Товар | E1: Количество | F1: Цена | G1: Сумма заказа | H1: Город | I1: Телефон
A2: 023958 | B2: =VLOOKUP(A2,Менеджер!$A$2:$B$18,2,0) -> Сергеева | C2: Пятерочка | D2: Яблоки | E2: 11 | F2: =INDEX('Прайс-лист'!$B$3:$B$7,MATCH(Заказы!D2,'Прайс-лист'!$A$3:$A$7,0)) -> 90 | G2: =E2*F2 -> 990 | H2: =VLOOKUP(Заказы!B2,Город!$A$3:$B$7,2,0) -> Москва | I2: =VLOOKUP(B2,Город!$A$3:$C$7,3,0) -> 123-45-67
A3: 023959 | B3: =VLOOKUP(A3,Менеджер!$A$2:$B$18,2,0) -> Кузнецов | C3: Лента | D3: Виноград | E3: 15 | F3: =INDEX('Прайс-лист'!$B$3:$B$7,MATCH(Заказы!D3,'Прайс-лист'!$A$3:$A$7,0)) -> 150 | G3: =E3*F3 -> 2250 | H3: =VLOOKUP(Заказы!B3,Город!$A$3:$B$7,2,0) -> Санкт-Петербург | I3: =VLOOKUP(B3,Город!$A$3:$C$7,3,0) -> 890-12-34
A4: 023960 | B4: =VLOOKUP(A4,Менеджер!$A$2:$B$18,2,0) -> Сергеева | C4: Магнит | D4: Апельсины | E4: 17 | F4: =INDEX('Прайс-лист'!$B$3:$B$7,MATCH(Заказы!D4,'Прайс-лист'!$A$3:$A$7,0)) -> 100 | G4: =E4*F4 -> 1700 | H4: =VLOOKUP(Заказы!B4,Город!$A$3:$B$7,2,0) -> Москва | I4: =VLOOKUP(B4,Город!$A$3:$C$7,3,0) -> 123-45-67
A5: 023961 | B5: =VLOOKUP(A5,Менеджер!$A$2:$B$18,2,0) -> Воронова | C5: Пятерочка | D5: Бананы | E5: 4 | F5: =INDEX('Прайс-лист'!$B$3:$B$7,MATCH(Заказы!D5,'Прайс-лист'!$A$3:$A$7,0)) -> 70 | G5: =E5*F5 -> 280 | H5: =VLOOKUP(Заказы!B5,Город!$A$3:$B$7,2,0) -> Волгоград | I5: =VLOOKUP(B5,Город!$A$3:$C$7,3,0) -> 567-89-01
A6: 023962 | B6: =VLOOKUP(A6,Менеджер!$A$2:$B$18,2,0) -> Кузнецов | C6: Лента | D6: Груши | E6: 17 | F6: =INDEX('Прайс-лист'!$B$3:$B$7,MATCH(Заказы!D6,'Прайс-лист'!$A$3:$A$7,0)) -> 140 | G6: =E6*F6 -> 2380 | H6: =VLOOKUP(Заказы!B6,Город!$A$3:$B$7,2,0) -> Санкт-Петербург | I6: =VLOOKUP(B6,Город!$A$3:$C$7,3,0) -> 890-12-34
A7: 023963 | B7: =VLOOKUP(A7,Менеджер!$A$2:$B$18,2,0) -> Воронова | C7: Перекресток | D7: Виноград | E7: 21 | F7: =INDEX('Прайс-лист'!$B$3:$B$7,MATCH(Заказы!D7,'Прайс-лист'!$A$3:$A$7,0)) -> 150 | G7: =E7*F7 -> 3150 | H7: =VLOOKUP(Заказы!B7,Город!$A$3:$B$7,2,0) -> Волгоград | I7: =VLOOKUP(B7,Город!$A$3:$C$7,3,0) -> 567-89-01
A8: 023964 | B8: =VLOOKUP(A8,Менеджер!$A$2:$B$18,2,0) -> Сергеева | C8: Пятерочка | D8: Бананы | E8: 3 | F8: =INDEX('Прайс-лист'!$B$3:$B$7,MATCH(Заказы!D8,'Прайс-лист'!$A$3:$A$7,0)) -> 70 | G8: =E8*F8 -> 210 | H8: =VLOOKUP(Заказы!B8,Город!$A$3:$B$7,2,0) -> Москва | I8: =VLOOKUP(B8,Город!$A$3:$C$7,3,0) -> 123-45-67
A9: 023965 | B9: =VLOOKUP(A9,Менеджер!$A$2:$B$18,2,0) -> Воронова | C9: Перекресток | D9: Виноград | E9: 10 | F9: =INDEX('Прайс-лист'!$B$3:$B$7,MATCH(Заказы!D9,'Прайс-лист'!$A$3:$A$7,0)) -> 150 | G9: =E9*F9 -> 1500 | H9: =VLOOKUP(Заказы!B9,Город!$A$3:$B$7,2,0) -> Волгоград | I9: =VLOOKUP(B9,Город!$A$3:$C$7,3,0) -> 567-89-01
A10: 023966 | B10: =VLOOKUP(A10,Менеджер!$A$2:$B$18,2,0) -> Афанасьев | C10: Пятерочка | D10: Апельсины | E10: 8 | F10: =INDEX('Прайс-лист'!$B$3:$B$7,MATCH(Заказы!D10,'Прайс-лист'!$A$3:$A$7,0)) -> 100 | G10: =E10*F10 -> 800 | H10: =VLOOKUP(Заказы!B10,Город!$A$3:$B$7,2,0) -> Мурманск | I10: =VLOOKUP(B10,Город!$A$3:$C$7,3,0) -> 234-56-78
A11: 023967 | B11: =VLOOKUP(A11,Менеджер!$A$2:$B$18,2,0) -> Кузнецов | C11: Пятерочка | D11: Виноград | E11: 16 | F11: =INDEX('Прайс-лист'!$B$3:$B$7,MATCH(Заказы!D11,'Прайс-лист'!$A$3:$A$7,0)) -> 150 | G11: =E11*F11 -> 2400 | H11: =VLOOKUP(Заказы!B11,Город!$A$3:$B$7,2,0) -> Санкт-Петербург | I11: =VLOOKUP(B11,Город!$A$3:$C$7,3,0) -> 890-12-34
A12: 023968 | B12: =VLOOKUP(A12,Менеджер!$A$2:$B$18,2,0) -> Кузнецов | C12: Магнит | D12: Бананы | E12: 3 | F12: =INDEX('Прайс-лист'!$B$3:$B$7,MATCH(Заказы!D12,'Прайс-лист'!$A$3:$A$7,0)) -> 70 | G12: =E12*F12 -> 210 | H12: =VLOOKUP(Заказы!B12,Город!$A$3:$B$7,2,0) -> Санкт-Петербург | I12: =VLOOKUP(B12,Город!$A$3:$C$7,3,0) -> 890-12-34
A13: 023969 | B13: =VLOOKUP(A13,Менеджер!$A$2:$B$18,2,0) -> Сергеева | C13: Пятерочка | D13: Апельсины | E13: 12 | F13: =INDEX('Прайс-лист'!$B$3:$B$7,MATCH(Заказы!D13,'Прайс-лист'!$A$3:$A$7,0)) -> 100 | G13: =E13*F13 -> 1200 | H13: =VLOOKUP(Заказы!B13,Город!$A$3:$B$7,2,0) -> Москва | I13: =VLOOKUP(B13,Город!$A$3:$C$7,3,0) -> 123-45-67
... A18: 023974 | B18: =VLOOKUP(A18,Менеджер!$A$2:$B$18,2,0) -> Сергеева | C18: Пятерочка | D18: Апельсины | E18: 25 | F18: =INDEX('Прайс-лист'!$B$3:$B$7,MATCH(Заказы!D18,'Прайс-лист'!$A$3:$A$7,0)) -> 100 | G18: =E18*F18 -> 2500 | H18: =VLOOKUP(Заказы!B18,Город!$A$3:$B$7,2,0) -> Москва | I18: =VLOOKUP(B18,Город!$A$3:$C$7,3,0) -> 123-45-67

Sheet Менеджер
A1: № заказа | B1: Менеджер
A2: 023958 | B2: Сергеева
A3: 023959 | B3: Кузнецов
A4: 023960 | B4: Сергеева
A5: 023961 | B5: Воронова
A6: 023962 | B6: Кузнецов
A7: 023963 | B7: Воронова
A8: 023964 | B8: Сергеева
A9: 023965 | B9: Воронова
A10: 023966 | B10: Афанасьев
A11: 023967 | B11: Кузнецов
A12: 023968 | B12: Кузнецов
... A18: 023974 | B18: Сергеева

Sheet Прайс-лист
A1: Прайс-лист
A2: Товар | B2: Цена
A3: Апельсины | B3: 100
A4: Виноград | B4: 150
A5: Яблоки | B5: 90
A6: Бананы | B6: 70
A7: Груши | B7: 140

Sheet Город
A1: Филиалы
A2: Менеджер | B2: Город | C2: Телефон
A3: Сергеева | B3: Москва | C3: 123-45-67
A4: Кузнецов | B4: Санкт-Петербург | C4: 890-12-34
A5: Воронова | B5: Волгоград | C5: 567-89-01
A6: Афанасьев | B6: Мурманск | C6: 234-56-78
A7: Yusufjon | B7: Краснодар | C7: 901-23-45
